selfimprovement,repository,musk,leonardo,polymath,vitruvius,feedback,elon,unworthiness,javascript,men,abuse,syria,israel,nation,assault,racism,palestinian,government,reade
0.0011819485837513278,0.0008974054061815637,0.000875517469445428,0.0008536295327092922,0.0005690863551395281,0.0005471984184033925,0.00037209492451430686,0.0003064311143058998,0.00026265524083362836,0.00026265524083362836,,,,,,,,,,
,,,,,,,,,,0.0021670817030201577,0.0013227641563889273,0.0012946202381678863,0.001228951095652124,0.0009756558316627549,0.0009756558316627549,0.000891224076999632,0.0008724614648522713,0.0008443175466312302,0.0007505044858944268
